{
  "inputUnits": [34],
  "outputUnits": 2,
  "inputs": {
    "0": {
      "dtype": "number",
      "min": 329.4114390590735,
      "max": 383.45596729895755
    },
    "1": {
      "dtype": "number",
      "min": 196.43101296229668,
      "max": 231.18766799540083
    },
    "2": {
      "dtype": "number",
      "min": 336.438435634442,
      "max": 393.32507752535633
    },
    "3": {
      "dtype": "number",
      "min": 188.5813633136117,
      "max": 225.13868662813718
    },
    "4": {
      "dtype": "number",
      "min": 321.4687099047804,
      "max": 378.65992220754043
    },
    "5": {
      "dtype": "number",
      "min": 188.78437005056043,
      "max": 222.93845609847097
    },
    "6": {
      "dtype": "number",
      "min": 351.0515875565378,
      "max": 398.90851221586524
    },
    "7": {
      "dtype": "number",
      "min": 196.93163985165006,
      "max": 230.0213896693774
    },
    "8": {
      "dtype": "number",
      "min": 314.6590600562142,
      "max": 367.2557796604684
    },
    "9": {
      "dtype": "number",
      "min": 196.223377725999,
      "max": 231.3014170626218
    },
    "10": {
      "dtype": "number",
      "min": 374.07317282395985,
      "max": 403.5610072561639
    },
    "11": {
      "dtype": "number",
      "min": 228.47725613540143,
      "max": 270.8483494094938
    },
    "12": {
      "dtype": "number",
      "min": 299.4098540565424,
      "max": 351.54301396122685
    },
    "13": {
      "dtype": "number",
      "min": 225.18004776209182,
      "max": 270.2925725568805
    },
    "14": {
      "dtype": "number",
      "min": 381.2003055743539,
      "max": 474.8235798439784
    },
    "15": {
      "dtype": "number",
      "min": 173.90188592683967,
      "max": 333.79404465822216
    },
    "16": {
      "dtype": "number",
      "min": 230.1912422998142,
      "max": 334.91169563278584
    },
    "17": {
      "dtype": "number",
      "min": 174.32757223326325,
      "max": 339.66779980278386
    },
    "18": {
      "dtype": "number",
      "min": 345.3085809004934,
      "max": 520.3367570129751
    },
    "19": {
      "dtype": "number",
      "min": 103.5348335251241,
      "max": 367.9509117914687
    },
    "20": {
      "dtype": "number",
      "min": 181.114567390427,
      "max": 363.62316406725904
    },
    "21": {
      "dtype": "number",
      "min": 106.41552662988852,
      "max": 375.4881194413986
    },
    "22": {
      "dtype": "number",
      "min": 356.67023537916515,
      "max": 395.8789104141919
    },
    "23": {
      "dtype": "number",
      "min": 340.45786390992396,
      "max": 414.3577602453399
    },
    "24": {
      "dtype": "number",
      "min": 303.9807152701632,
      "max": 351.01966129176566
    },
    "25": {
      "dtype": "number",
      "min": 339.46399002744437,
      "max": 403.7017429641813
    },
    "26": {
      "dtype": "number",
      "min": 361.0923413133528,
      "max": 394.9434919152808
    },
    "27": {
      "dtype": "number",
      "min": 436.66502999051033,
      "max": 517.1153605797601
    },
    "28": {
      "dtype": "number",
      "min": 311.3873463532148,
      "max": 345.32799912242626
    },
    "29": {
      "dtype": "number",
      "min": 439.3271286724604,
      "max": 512.5635753133375
    },
    "30": {
      "dtype": "number",
      "min": 352.3088302761026,
      "max": 396.9500049791838
    },
    "31": {
      "dtype": "number",
      "min": 500.88723745959544,
      "max": 556.2444982101113
    },
    "32": {
      "dtype": "number",
      "min": 297.9737418250963,
      "max": 345.7391529938398
    },
    "33": {
      "dtype": "number",
      "min": 499.37595289353044,
      "max": 557.469433938783
    }
  },
  "outputs": {
    "0": {
      "dtype": "string",
      "min": 0,
      "max": 1,
      "uniqueValues": ["y", "n"],
      "legend": { "y": [1, 0], "n": [0, 1] }
    }
  },
  "isNormalized": true
}
